step,batch_acc,val_acc,delta_size,new_errors,remaining_delta
0,0.0,0.7382000088691711,10001,7962,2039
1,0.0,0.7418000102043152,10001,7962,2039
2,0.001953125,0.745199978351593,10001,7961,2040
3,0.0,0.7477999925613403,10000,7960,2040
4,0.0,0.7513999938964844,10000,7960,2040
5,0.0,0.7541999816894531,10000,7960,2040
6,0.0,0.7570000290870667,10000,7960,2040
